<?xml version="1.0" encoding="utf-8"?>
<pbco xmlns:xsi="http://www.w3.org/2001/XMLSchema-instance" xsi:schemaLocation="http://www.pbcls.org/pbco/ pbco.xsd" xmlns="http://www.pbcls.org/pbco/">
	<!-- 案例的基本属性 -->
	<name>软件工程教学、学习、交流系统</name>
	<description>项目管理与软件需求，作为软件工程当中最为重要的组成几个部分，已经引起业内人士的高度重视，项目管理和需求工程概念的提出，就是为了把软件工程化，以更有效地开发需求，开发软件并实现有效的管理。也作为一门新兴的课程在大学里开设。为了使教师能够把最新，最前沿的关于项目管理和需求工程的信息传播给学生；为了学生能够利用网络得到老师帮助；为了师生之间，同学之间能够充分交流，沟通心得。这个软件工程教学、学习、交流系统将提供这么一个平台。为教师和同学服务，也为项目管理，需求工程，统一建模等软件工程化课程的教学方法提供试验基地。</description>
	<version>1.0</version>
	<author>PBCLS</author>
	<email>PBCLS@zju.edu.name</email>
	<creationdate>2010-01-15</creationdate>
	
	<!-- 案例的资源 -->
	<resources>
		<resource>
			<id>1</id>
			<name>Player1</name>
			<description>项目经理</description>
			<role>PM</role>
		</resource>	
		<resource>
			<id>2</id>
			<name>Player2</name>
			<description></description>
			<role>DEVELOPER</role>
		</resource>
		<resource>
			<id>3</id>
			<name>Player3</name>
			<description></description>
			<role>DEVELOPER</role>
		</resource>
		<resource>
			<id>4</id>
			<name>Player4</name>
			<description></description>
			<role>DEVELOPER</role>
		</resource>
		<resource>
			<id>5</id>
			<name>Player5</name>
			<description></description>
			<role>TESTER</role>
		</resource>
		<resource>
			<id>6</id>
			<name>Player6</name>
			<description></description>
			<role>TESTER</role>
		</resource>
	</resources>	
	
	<!-- 案例任务 -->
	<tasks>
		<task>
			<id>1</id>
			<name>可行性分析</name>
			<wbs>1</wbs>
			<description></description>
			<isparent>1</isparent>
			<duration></duration>
			<inputs>
				<file></file>
			</inputs>
			<outputs>
				<file></file>	
			</outputs>
		</task>		
		<task>
			<id>2</id>
			<name>明确项目目标</name>
			<wbs>1.1</wbs>
			<description></description>
			<isparent>0</isparent>
			<resourceids>1</resourceids>
			<duration>2</duration>
			<inputs>
				<file>docs/项目描述.doc</file>
			</inputs>
			<outputs>
				<file>docs/范围与前景说明书.pdf</file>	
			</outputs>
		</task>
		<task>
			<id>3</id>
			<name>分析现有系统</name>
			<wbs>1.2</wbs>
			<description></description>
			<isparent>0</isparent>
			<resourceids>2</resourceids>
			<duration>2</duration>
			<inputs>
				<file></file>
			</inputs>
			<outputs>
				<file></file>	
			</outputs>
			<predecessorids>2</predecessorids>
		</task>
		<task>
			<id>4</id>
			<name>分析建议技术</name>
			<wbs>1.3</wbs>
			<description></description>
			<isparent>0</isparent>
			<resourceids>3</resourceids>
			<duration>2</duration>
			<inputs>
				<file></file>
			</inputs>
			<outputs>
				<file></file>	
			</outputs>
			<predecessorids>2</predecessorids>
		</task>
		<task>
			<id>5</id>
			<name>分析经济可行性</name>
			<wbs>1.4</wbs>
			<description></description>
			<isparent>0</isparent>
			<resourceids>4</resourceids>
			<duration>2</duration>
			<inputs>
				<file></file>
			</inputs>
			<outputs>
				<file></file>	
			</outputs>
			<predecessorids>3,4</predecessorids>
		</task>
		<task>
			<id>6</id>
			<name>编写《项目可行性报告》</name>
			<wbs>1.5</wbs>
			<description></description>
			<isparent>0</isparent>
			<resourceids>1</resourceids>
			<duration>2</duration>
			<inputs>
				<file></file>
			</inputs>
			<outputs>
				<file>docs/可行性研究报告.pdf</file>	
			</outputs>
			<predecessorids>5</predecessorids>
		</task>
		<task>
			<id>7</id>
			<name>可行性分析完成</name>
			<wbs>2</wbs>
			<description></description>
			<ismilestone>1</ismilestone>
			<isparent>0</isparent>
			<resourceids></resourceids>
			<duration>0</duration>
			<inputs>
				<file></file>
			</inputs>
			<outputs>
				<file>docs/可行性研究报告.pdf</file>	
			</outputs>
			<predecessorids>1</predecessorids>
		</task>
		<task>
			<id>8</id>
			<name>总体项目计划</name>
			<wbs>3</wbs>
			<description></description>
			<isparent>1</isparent>
			<duration></duration>
			<inputs>
				<file></file>
			</inputs>
			<outputs>
				<file></file>	
			</outputs>
			<predecessorids>7</predecessorids>
		</task>
		<task>
			<id>9</id>
			<name>制定项目章程</name>
			<wbs>3.1</wbs>
			<description></description>
			<isparent>1</isparent>
			<duration></duration>
			<inputs>
				<file></file>
			</inputs>
			<outputs>
				<file></file>	
			</outputs>
		</task>
		<task>
			<id>10</id>
			<name>填写项目章程表格</name>
			<wbs>3.1.1</wbs>
			<description></description>
			<isparent>0</isparent>
			<resourceids>1</resourceids>
			<duration>1</duration>
			<inputs>
				<file></file>
			</inputs>
			<outputs>
				<file></file>	
			</outputs>
		</task>
		<task>
			<id>11</id>
			<name>项目干系人许可</name>
			<wbs>3.1.2</wbs>
			<description></description>
			<isparent>0</isparent>
			<resourceids>1,2,3,4,5,6</resourceids>
			<duration>1</duration>
			<inputs>
				<file></file>
			</inputs>
			<outputs>
				<file></file>	
			</outputs>
			<predecessorids>10</predecessorids>
		</task>
		<task>
			<id>12</id>
			<name>编制《项目章程》</name>
			<wbs>3.1.3</wbs>
			<description></description>
			<isparent>0</isparent>
			<resourceids>2</resourceids>
			<duration>2</duration>
			<inputs>
				<file></file>
			</inputs>
			<outputs>
				<file>docs/项目章程.pdf</file>	
			</outputs>
			<predecessorids>11</predecessorids>
		</task>
		<task>
			<id>13</id>
			<name>制定项目总体计划</name>
			<wbs>3.2</wbs>
			<description></description>
			<isparent>1</isparent>
			<duration></duration>
			<inputs>
				<file></file>
			</inputs>
			<outputs>
				<file></file>	
			</outputs>
			<predecessorids>9</predecessorids>
		</task>
		<task>
			<id>14</id>
			<name>定义工作内容</name>
			<wbs>3.2.1</wbs>
			<description></description>
			<isparent>0</isparent>
			<resourceids>3</resourceids>
			<duration>1</duration>
			<inputs>
				<file></file>
			</inputs>
			<outputs>
				<file></file>	
			</outputs>
		</task>
		<task>
			<id>15</id>
			<name>明确验收标准</name>
			<wbs>3.2.2</wbs>
			<description></description>
			<isparent>0</isparent>
			<resourceids>4</resourceids>
			<duration>1</duration>
			<inputs>
				<file></file>
			</inputs>
			<outputs>
				<file></file>	
			</outputs>
			<predecessorids>14</predecessorids>
		</task>
		<task>
			<id>16</id>
			<name>任务分解</name>
			<wbs>3.2.3</wbs>
			<description></description>
			<isparent>0</isparent>
			<resourceids>2</resourceids>
			<duration>2</duration>
			<inputs>
				<file></file>
			</inputs>
			<outputs>
				<file>docs/WBS.mpp</file>	
			</outputs>
			<predecessorids>14</predecessorids>
		</task>
		<task>
			<id>17</id>
			<name>划分组织和责任</name>
			<wbs>3.2.4</wbs>
			<description></description>
			<isparent>0</isparent>
			<resourceids>3</resourceids>
			<duration>1</duration>
			<inputs>
				<file></file>
			</inputs>
			<outputs>
				<file></file>	
			</outputs>
			<predecessorids>16</predecessorids>
		</task>
		<task>
			<id>18</id>
			<name>编制《项目总体计划》</name>
			<wbs>3.2.5</wbs>
			<description></description>
			<isparent>0</isparent>
			<resourceids>1</resourceids>
			<duration>2</duration>
			<inputs>
				<file></file>
			</inputs>
			<outputs>
				<file>docs/项目总体计划.pdf</file>	
			</outputs>
			<predecessorids>17</predecessorids>
		</task>
		<task>
			<id>19</id>
			<name>制定QA计划</name>
			<wbs>3.3</wbs>
			<description></description>
			<isparent>1</isparent>
			<duration></duration>
			<inputs>
				<file></file>
			</inputs>
			<outputs>
				<file></file>	
			</outputs>
		</task>
		<task>
			<id>20</id>
			<name>项目风险分析</name>
			<wbs>3.3.1</wbs>
			<description></description>
			<isparent>0</isparent>
			<resourceids>5</resourceids>
			<duration>1</duration>
			<inputs>
				<file></file>
			</inputs>
			<outputs>
				<file></file>	
			</outputs>
		</task>
		<task>
			<id>21</id>
			<name>明确质量规范</name>
			<wbs>3.3.2</wbs>
			<description></description>
			<isparent>0</isparent>
			<resourceids>6</resourceids>
			<duration>1</duration>
			<inputs>
				<file></file>
			</inputs>
			<outputs>
				<file></file>	
			</outputs>
			<predecessorids>20</predecessorids>
		</task>
		<task>
			<id>22</id>
			<name>编制《QA计划》</name>
			<wbs>3.3.3</wbs>
			<description></description>
			<isparent>0</isparent>
			<resourceids>5</resourceids>
			<duration>2</duration>
			<inputs></inputs>
			<outputs>
				<file>docs/QA计划.pdf</file>
			</outputs>
			<predecessorids>21</predecessorids>
		</task>
		<task>
			<id>23</id>
			<name>总体项目计划完成</name>
			<wbs>4</wbs>
			<description></description>
			<ismilestone>1</ismilestone>
			<isparent>0</isparent>
			<duration>0</duration>
			<inputs></inputs>
			<outputs>
				<file>docs/项目章程.pdf</file>
				<file>docs/项目总体计划.pdf</file>
				<file>docs/QA计划.pdf</file>	
			</outputs>
			<predecessorids>8</predecessorids>
		</task>
		<task>
			<id>24</id>
			<name>需求计划</name>
			<wbs>5</wbs>
			<description></description>
			<isparent>1</isparent>
			<duration></duration>
			<inputs>
				<file></file>
			</inputs>
			<outputs>
				<file></file>	
			</outputs>
			<predecessorids>23</predecessorids>
		</task>
		<task>
			<id>25</id>
			<name>需求进度计划</name>
			<wbs>5.1</wbs>
			<description></description>
			<isparent>0</isparent>
			<resourceids>2</resourceids>
			<duration>2</duration>
			<inputs>
				<file></file>
			</inputs>
			<outputs>
				<file></file>	
			</outputs>
		</task>
		<task>
			<id>26</id>
			<name>费用成本估计</name>
			<wbs>5.2</wbs>
			<description></description>
			<isparent>0</isparent>
			<resourceids>3</resourceids>
			<duration>2</duration>
			<inputs>
				<file></file>
			</inputs>
			<outputs>
				<file></file>	
			</outputs>
			<predecessorids>25</predecessorids>
		</task>
		<task>
			<id>27</id>
			<name>人力资源分配</name>
			<wbs>5.3</wbs>
			<description></description>
			<isparent>0</isparent>
			<resourceids>4</resourceids>
			<duration>2</duration>
			<inputs>
				<file></file>
			</inputs>
			<outputs>
				<file></file>	
			</outputs>
			<predecessorids>26</predecessorids>
		</task>
		<task>
			<id>28</id>
			<name>变更管理计划</name>
			<wbs>5.4</wbs>
			<description></description>
			<isparent>0</isparent>
			<resourceids>2</resourceids>
			<duration>2</duration>
			<inputs>
				<file></file>
			</inputs>
			<outputs>
				<file></file>	
			</outputs>
			<predecessorids>27</predecessorids>
		</task>
		<task>
			<id>29</id>
			<name>制定《需求工程计划》</name>
			<wbs>5.5</wbs>
			<description></description>
			<isparent>0</isparent>
			<resourceids>3</resourceids>
			<duration>3</duration>
			<inputs>
				<file></file>
			</inputs>
			<outputs>
				<file>docs/需求工程计划.pdf</file>	
			</outputs>
			<predecessorids>28</predecessorids>
		</task>
		<task>
			<id>30</id>
			<name>计划评审</name>
			<wbs>5.6</wbs>
			<description></description>
			<isparent>0</isparent>
			<resourceids>1,2,3,4,5,6</resourceids>		
			<duration>1</duration>
			<inputs>
				<file></file>
			</inputs>
			<outputs>
				<file></file>	
			</outputs>
			<predecessorids>29</predecessorids>
		</task>
		<task>
			<id>31</id>
			<name>需求计划完成</name>
			<wbs>6</wbs>
			<description></description>
			<ismilestone>1</ismilestone>
			<isparent>0</isparent>
			<duration>0</duration>
			<inputs>
				<file></file>
			</inputs>
			<outputs>
				<file>docs/需求工程计划.pdf</file>	
			</outputs>
			<predecessorids>24</predecessorids>
		</task>
		<task>
			<id>32</id>
			<name>需求分析</name>
			<wbs>7</wbs>
			<description></description>
			<isparent>1</isparent>
			<duration></duration>
			<inputs>
				<file></file>
			</inputs>
			<outputs>
				<file></file>	
			</outputs>
			<predecessorids>31</predecessorids>
		</task>
		<task>
			<id>33</id>
			<name>客户会议</name>
			<wbs>7.1</wbs>
			<description></description>
			<isparent>0</isparent>
			<resourceids>1,2,3,4,5,6</resourceids>
			<duration>5</duration>
			<inputs>
				<file></file>
			</inputs>
			<outputs>
				<file></file>	
			</outputs>
		</task>
		<task>
			<id>34</id>
			<name>绘制关联图</name>
			<wbs>7.2</wbs>
			<description></description>
			<isparent>0</isparent>
			<resourceids>4</resourceids>
			
			<duration>2</duration>
			<inputs>
				<file></file>
			</inputs>
			<outputs>
				<file></file>	
			</outputs>
			<predecessorids>33</predecessorids>
		</task>
		<task>
			<id>35</id>
			<name>确定需求优先级</name>
			<wbs>7.3</wbs>
			<description></description>
			<isparent>0</isparent>
			<resourceids>2</resourceids>	
			<duration>2</duration>
			<inputs>
				<file></file>
			</inputs>
			<outputs>
				<file></file>	
			</outputs>
			<predecessorids>33</predecessorids>
		</task>
		<task>
			<id>36</id>
			<name>建立需求模型</name>
			<wbs>7.4</wbs>
			<description></description>
			<isparent>0</isparent>
			<resourceids>3</resourceids>
			
			<duration>3</duration>
			<inputs>
				<file></file>
			</inputs>
			<outputs>
				<file></file>	
			</outputs>
			<predecessorids>34,35</predecessorids>
		</task>
		<task>
			<id>37</id>
			<name>编写数据字典</name>
			<wbs>7.5</wbs>
			<description></description>
			<isparent>0</isparent>
			<resourceids>4</resourceids>
			
			<duration>3</duration>
			<inputs>
				<file></file>
			</inputs>
			<outputs>
				<file></file>	
			</outputs>
			<predecessorids>36</predecessorids>
		</task>
		<task>
			<id>38</id>
			<name>编制《软件需求规格说明书》</name>
			<wbs>7.6</wbs>
			<description></description>
			<isparent>0</isparent>
			<resourceids>1,2,3,4,5,6</resourceids>		
			<duration>3</duration>
			<inputs>
				<file></file>
			</inputs>
			<outputs>
				<file>docs/需求规格说明书.pdf</file>	
			</outputs>
			<predecessorids>37</predecessorids>
		</task>
		<task>
			<id>39</id>
			<name>需求评审</name>
			<wbs>7.7</wbs>
			<description></description>
			<isparent>0</isparent>
			<resourceids>1,2,3,4,5,6</resourceids>
			<duration>1</duration>
			<inputs>
				<file></file>
			</inputs>
			<outputs>
				<file></file>	
			</outputs>
			<predecessorids>38</predecessorids>
		</task>
		<task>
			<id>40</id>
			<name>需求分析完成</name>
			<wbs>8</wbs>
			<description></description>
			<ismilestone>1</ismilestone>
			<isparent>0</isparent>
			<duration>0</duration>
			<inputs>
				<file></file>
			</inputs>
			<outputs>
				<file>docs/需求规格说明书.pdf</file>	
			</outputs>
			<predecessorids>32</predecessorids>
		</task>
		<task>
			<id>41</id>
			<name>需求变更</name>
			<wbs>9</wbs>
			<description></description>
			<isparent>1</isparent>		
			<duration></duration>
			<inputs>
				<file></file>
			</inputs>
			<outputs>
				<file></file>	
			</outputs>
			<predecessorids>40</predecessorids>
		</task>
		<task>
			<id>42</id>
			<name>建立变更控制委员会</name>
			<wbs>9.1</wbs>
			<description></description>
			<isparent>0</isparent>
			<resourceids>1,2,3,4,5,6</resourceids>	
			<duration>1</duration>
			<inputs>
				<file></file>
			</inputs>
			<outputs>
				<file></file>	
			</outputs>
		</task>
		<task>
			<id>43</id>
			<name>进行变更影响分析</name>
			<wbs>9.2</wbs>
			<description></description>
			<isparent>0</isparent>
			<resourceids>4</resourceids>			
			<duration>1</duration>
			<inputs>
				<file></file>
			</inputs>
			<outputs>
				<file></file>	
			</outputs>
			<predecessorids>42</predecessorids>
		</task>
		<task>
			<id>44</id>
			<name>确定变更控制过程</name>
			<wbs>9.3</wbs>
			<description></description>
			<isparent>0</isparent>
			<resourceids>2</resourceids>			
			<duration>1</duration>
			<inputs>
				<file></file>
			</inputs>
			<outputs>
				<file></file>	
			</outputs>
			<predecessorids>43</predecessorids>
		</task>
		<task>
			<id>45</id>
			<name>编制《软件需求变更文档》</name>
			<wbs>9.4</wbs>
			<description></description>
			<isparent>0</isparent>
			<resourceids>3</resourceids>		
			<duration>1</duration>
			<inputs>
				<file></file>
			</inputs>
			<outputs>
				<file>docs/需求变更控制报告.pdf</file>	
			</outputs>
			<predecessorids>44</predecessorids>
		</task>
		<task>
			<id>46</id>
			<name>需求变更评审</name>
			<wbs>9.5</wbs>
			<description></description>
			<isparent>0</isparent>
			<resourceids>1,2,3,4,5,6</resourceids>
			<duration>1</duration>
			<inputs>
				<file></file>
			</inputs>
			<outputs>
				<file></file>	
			</outputs>
			<predecessorids>45</predecessorids>
		</task>
		<task>
			<id>47</id>
			<name>需求变更完成</name>
			<wbs>10</wbs>
			<description></description>
			<ismilestone>1</ismilestone>
			<isparent>0</isparent>
			<resourceids></resourceids>		
			<duration></duration>
			<inputs>
				<file></file>
			</inputs>
			<outputs>
				<file>docs/需求变更控制报告.pdf</file>	
			</outputs>
			<predecessorids>41</predecessorids>
		</task>
		<task>
			<id>48</id>
			<name>系统设计与实现</name>
			<wbs>11</wbs>
			<description></description>
			<isparent>1</isparent>		
			<duration></duration>
			<inputs>
				<file></file>
			</inputs>
			<outputs>
				<file></file>	
			</outputs>
			<predecessorids>47</predecessorids>
		</task>
		<task>
			<id>49</id>
			<name>系统设计</name>
			<wbs>11.1</wbs>
			<description></description>
			<isparent>1</isparent>
			<resourceids>2</resourceids>			
			<duration></duration>
			<inputs>
				<file></file>
			</inputs>
			<outputs>
				<file></file>	
			</outputs>
		</task>
		<task>
			<id>50</id>
			<name>系统整体设计</name>
			<wbs>11.1.1</wbs>
			<description></description>
			<isparent>0</isparent>
			<resourceids>3</resourceids>		
			<duration>5</duration>
			<inputs>
				<file></file>
			</inputs>
			<outputs>
				<file></file>	
			</outputs>
		</task>
		<task>
			<id>51</id>
			<name>模块设计</name>
			<wbs>11.1.2</wbs>
			<description></description>
			<isparent>0</isparent>
			<resourceids>4</resourceids>		
			<duration>5</duration>
			<inputs>
				<file></file>
			</inputs>
			<outputs>
				<file></file>	
			</outputs>
			<predecessorids>50</predecessorids>
		</task>
		<task>
			<id>52</id>
			<name>编制《系统设计与实现计划》</name>
			<wbs>11.1.3</wbs>
			<description></description>
			<isparent>0</isparent>
			<resourceids>4</resourceids>			
			<duration>3</duration>
			<inputs>
				<file></file>
			</inputs>
			<outputs>
				<file>docs/系统设计与实现计划.pdf</file>	
			</outputs>
			<predecessorids>51</predecessorids>
		</task>
		<task>
			<id>53</id>
			<name>编制《软件概要说明》</name>
			<wbs>11.1.4</wbs>
			<description></description>
			<isparent>0</isparent>
			<resourceids>2</resourceids>		
			<duration>3</duration>
			<inputs>
				<file></file>
			</inputs>
			<outputs>
				<file>docs/概要设计文档.pdf</file>	
			</outputs>
			<predecessorids>52</predecessorids>
		</task>
		<task>
			<id>54</id>
			<name>系统实现</name>
			<wbs>11.2</wbs>
			<description></description>
			<isparent>1</isparent>	
			<duration></duration>
			<inputs>
				<file></file>
			</inputs>
			<outputs>
				<file></file>	
			</outputs>
			<predecessorids>49</predecessorids>
		</task>
		<task>
			<id>55</id>
			<name>编写代码</name>
			<wbs>11.2.1</wbs>
			<description></description>
			<isparent>0</isparent>
			<resourceids>1,2,3,4,5,6</resourceids>			
			<duration>7</duration>
			<inputs>
				<file></file>
			</inputs>
			<outputs>
				<file></file>	
			</outputs>
		</task>
		<task>
			<id>56</id>
			<name>代码自测</name>
			<wbs>11.2.2</wbs>
			<description></description>
			<isparent>0</isparent>
			<resourceids>1,2,3,4,5,6</resourceids>		
			<duration>4</duration>
			<inputs>
				<file></file>
			</inputs>
			<outputs>
				<file></file>	
			</outputs>
			<predecessorids>55</predecessorids>
		</task>
		<task>
			<id>57</id>
			<name>单元测试</name>
			<wbs>11.2.3</wbs>
			<description></description>
			<isparent>0</isparent>
			<resourceids>6,5</resourceids>		
			<duration>3</duration>
			<inputs>
				<file></file>
			</inputs>
			<outputs>
				<file></file>	
			</outputs>
			<predecessorids>56</predecessorids>
		</task>
		<task>
			<id>58</id>
			<name>集成测试</name>
			<wbs>11.2.4</wbs>
			<description></description>
			<isparent>0</isparent>
			<resourceids>5,6</resourceids>		
			<duration>3</duration>
			<inputs>
				<file></file>
			</inputs>
			<outputs>
				<file></file>	
			</outputs>
			<predecessorids>57</predecessorids>
		</task>
		<task>
			<id>59</id>
			<name>系统设计与实现完成</name>
			<wbs>12</wbs>
			<description></description>
			<ismilestone>1</ismilestone>
			<isparent>0</isparent>
			<duration>0</duration>
			<inputs>
				<file></file>
			</inputs>
			<outputs>
				<file>docs/系统设计与实现计划.pdf</file>
				<file>docs/概要设计文档.pdf</file>
			</outputs>
			<predecessorids>48</predecessorids>
		</task>
		<task>
			<id>60</id>
			<name>软件测试、部署、培训和维护</name>
			<wbs>13</wbs>
			<description></description>
			<isparent>1</isparent>		
			<duration></duration>
			<inputs>
				<file></file>
			</inputs>
			<outputs>
				<file></file>	
			</outputs>
			<predecessorids>59</predecessorids>
		</task>
		<task>
			<id>61</id>
			<name>编制《测试计划》</name>
			<wbs>13.1</wbs>
			<description></description>
			<isparent>0</isparent>
			<resourceids>5</resourceids>	
			<duration>2</duration>
			<inputs>
				<file></file>
			</inputs>
			<outputs>
				<file>docs/测试计划.pdf</file>	
			</outputs>
		</task>
		<task>
			<id>62</id>
			<name>编制《安装部署计划》</name>
			<wbs>13.2</wbs>
			<description></description>
			<isparent>0</isparent>
			<resourceids>6</resourceids>		
			<duration>3</duration>
			<inputs>
				<file></file>
			</inputs>
			<outputs>
				<file>docs/安装部署计划.pdf</file>	
			</outputs>
			<predecessorids>61</predecessorids>
		</task>
		<task>
			<id>63</id>
			<name>编制《培训计划》</name>
			<wbs>13.3</wbs>
			<description></description>
			<isparent>0</isparent>
			<resourceids>2</resourceids>			
			<duration>2</duration>
			<inputs>
				<file></file>
			</inputs>
			<outputs>
				<file>docs/系统维护计划.pdf</file>	
			</outputs>
			<predecessorids>62</predecessorids>
		</task>
		<task>
			<id>64</id>
			<name>编制《系统维护计划》</name>
			<wbs>13.4</wbs>
			<description></description>
			<isparent>0</isparent>
			<resourceids>3</resourceids>			
			<duration>2</duration>
			<inputs>
				<file></file>
			</inputs>
			<outputs>
				<file>docs/培训计划.pdf</file>	
			</outputs>
			<predecessorids>63</predecessorids>
		</task>
		<task>
			<id>65</id>
			<name>软件测试、部署、培训和维护完成</name>
			<wbs>14</wbs>
			<description></description>
			<ismilestone>1</ismilestone>
			<isparent>0</isparent>		
			<duration>0</duration>
			<inputs>
				<file></file>
			</inputs>
			<outputs>
				<file>docs/测试计划.pdf</file>
				<file>docs/安装部署计划.pdf</file>
				<file>docs/系统维护计划.pdf</file>	
				<file>docs/培训计划.pdf</file>	
			</outputs>
			<predecessorids>60</predecessorids>
		</task>
		<task>
			<id>66</id>
			<name>项目收尾</name>
			<wbs>15</wbs>
			<description></description>
			<isparent>1</isparent>			
			<duration></duration>
			<inputs>
				<file></file>
			</inputs>
			<outputs>
				<file></file>	
			</outputs>
			<predecessorids>65</predecessorids>
		</task>
		<task>
			<id>67</id>
			<name>答辩与评价</name>
			<wbs>15.1</wbs>
			<description></description>
			<isparent>0</isparent>
			<resourceids>1,2,3,4,5,6</resourceids>			
			<duration>2</duration>
			<inputs>
				<file></file>
			</inputs>
			<outputs>
				<file></file>	
			</outputs>
		</task>
		<task>
			<id>68</id>
			<name>经验总结</name>
			<wbs>15.2</wbs>
			<description></description>
			<isparent>0</isparent>
			<resourceids>1,2,3,4,5,6</resourceids>			
			<duration>2</duration>
			<inputs>
				<file></file>
			</inputs>
			<outputs>
				<file></file>	
			</outputs>
			<predecessorids>67</predecessorids>
		</task>
		<task>
			<id>69</id>
			<name>编制《项目总结报告》</name>
			<wbs>15.3</wbs>
			<description></description>
			<isparent>0</isparent>	
			<resourceids>1,2,3,4,5,6</resourceids>
			<duration>3</duration>
			<inputs>
				<file></file>
			</inputs>
			<outputs>
				<file>docs/项目总结报告.pdf</file>	
			</outputs>
			<predecessorids>68</predecessorids>
		</task>	
		<task>
			<id>70</id>
			<name>项目完成</name>
			<wbs>16</wbs>
			<description></description>
			<ismilestone>1</ismilestone>
			<isparent>0</isparent>		
			<duration>0</duration>
			<inputs>
				<file></file>
			</inputs>
			<outputs>
				<file>docs/项目总结报告.pdf</file>	
			</outputs>
			<predecessorids>66</predecessorids>
		</task>	
	</tasks>	
</pbco>
